255,0,E03001,2566
255,0,E11001,2566
255,0,A12001,2566
255,0,A12002,2566
255,0,A12003,2566
255,0,A12004,2566
255,0,A12005,2566
255,0,A13001,2566
255,0,A13002,2566
255,0,A13003,2566
255,0,A13004,2566
255,0,A13005,2566
255,0,A21001,2566
255,0,A21002,2566
255,0,A21003,2566
255,0,A21004,2566
255,0,A21005,2566
255,0,A22001,2566
255,0,A22002,2566
255,0,A22003,2566
255,0,A22004,2566
255,0,A22005,2566
255,0,A23001,2566
255,0,A23002,2566
255,0,A23003,2566
255,0,A23004,2566
255,0,A23005,2566
255,0,E12001,2566
255,0,E12002,2566
255,0,E12003,2566
255,0,E12004,2566
255,0,E12005,2566
255,0,E12006,2566
255,0,E12007,2566
255,0,E12008,2566
255,0,E12009,2566
255,0,E12010,2566
255,0,E12011,2566
255,0,E12012,2566
255,0,E12013,2566
255,0,E12014,2566
255,0,E12015,2566
255,0,E12016,2566
255,0,E12017,2566
255,0,E12018,2566
255,0,E13001,2566
255,0,E13002,2566
255,0,E13003,2566
255,0,E13004,2566
255,0,E13005,2566
255,0,E13006,2566
255,0,E13007,2566
255,0,E13008,2566
255,0,E13009,2566
255,0,E13010,2566
255,0,E13011,2566
255,0,E13012,2566
255,0,E13013,2566
255,0,E13014,2566
255,0,E13015,2566
255,0,E13016,2566
255,0,E13017,2566
255,0,E13018,2566
255,0,E21001,2566
255,0,E21002,2566
255,0,E21003,2566
255,0,E21004,2566
255,0,E21005,2566
255,0,E21006,2566
255,0,E21007,2566
255,0,E21008,2566
255,0,E21009,2566
255,0,E21010,2566
255,0,E21011,2566
255,0,E21012,2566
255,0,E21013,2566
255,0,E21014,2566
255,0,E21015,2566
255,0,E21016,2566
255,0,E21017,2566
255,0,E21018,2566
255,0,E22001,2566
255,0,E22002,2566
255,0,E22003,2566
255,0,E22004,2566
255,0,E22005,2566
255,0,E22006,2566
255,0,E22007,2566
255,0,E22008,2566
255,0,E22009,2566
255,0,E22010,2566
255,0,E22011,2566
255,0,E22012,2566
255,0,E22013,2566
255,0,E22014,2566
255,0,E22015,2566
255,0,E22016,2566
255,0,E22017,2566
255,0,E22018,2566
255,0,E23001,2566
255,0,E23002,2566
255,0,E23003,2566
255,0,E23004,2566
255,0,E23005,2566
255,0,E23006,2566
255,0,E23007,2566
255,0,E23008,2566
255,0,E23009,2566
255,0,E23010,2566
255,0,E23011,2566
255,0,E23012,2566
255,0,E23013,2566
255,0,E23014,2566
255,0,E23015,2566
255,0,E23016,2566
255,0,E23017,2566
255,0,E23018,2566
255,0,A31001,2566
255,0,A31002,2566
255,0,A31003,2566
255,0,A31004,2566
255,0,A31005,2566
255,0,A31006,2566
255,0,A32001,2566
255,0,A32002,2566
255,0,A32003,2566
255,0,A32004,2566
255,0,A32005,2566
255,0,A32006,2566
255,0,A33001,2566
255,0,A33002,2566
255,0,A33003,2566
255,0,A33004,2566
255,0,A33005,2566
255,0,A33006,2566
255,0,E31001,2566
255,0,E31002,2566
255,0,E31003,2566
255,0,E31004,2566
255,0,E31005,2566
255,0,E31006,2566
255,0,E31007,2566
255,0,E31008,2566
255,0,E31009,2566
255,0,E31010,2566
255,0,E31011,2566
255,0,E31012,2566
255,0,E31013,2566
255,0,E31014,2566
255,0,E31015,2566
255,0,E31016,2566
255,0,E32001,2566
255,0,E32002,2566
255,0,E32003,2566
255,0,E32004,2566
255,0,E32005,2566
255,0,E32006,2566
255,0,E32007,2566
255,0,E32008,2566
255,0,E32009,2566
255,0,E32010,2566
255,0,E32011,2566
255,0,E32012,2566
255,0,E32013,2566
255,0,E32014,2566
255,0,E32015,2566
255,0,E32016,2566
255,0,E33001,2566
255,0,E33002,2566
255,0,E33003,2566
255,0,E33004,2566
255,0,E33005,2566
255,0,E33006,2566
255,0,E33007,2566
255,0,E33008,2566
255,0,E33009,2566
255,0,E33010,2566
255,0,E33011,2566
255,0,E33012,2566
255,0,E33013,2566
255,0,E33014,2566
255,0,E33015,2566
255,0,E33016,2566
255,0,P41001,2566
255,0,E41001,2566
255,0,E41002,2566
255,0,E41003,2566
255,0,E41004,2566
255,0,E41005,2566
255,0,E41006,2566
255,0,E41007,2566
255,0,E41008,2566
255,0,E41009,2566
255,0,E41010,2566
255,0,E41011,2566
255,0,E41012,2566
255,0,E41013,2566
255,0,E41014,2566
255,0,E41015,2566
255,0,E41016,2566
255,0,E41017,2566
255,0,E41018,2566
255,0,E41019,2566
255,0,E41020,2566
255,0,E41021,2566
255,0,E41022,2566
255,0,E41023,2566
255,0,E41024,2566
255,0,E41025,2566
255,0,E41026,2566
255,0,E41027,2566
255,0,E41028,2566
255,0,E41029,2566
255,0,E41030,2566
255,0,E41031,2566
255,0,E41032,2566
255,0,E41033,2566
255,0,E41034,2566
255,0,E41035,2566
25,0,E41036,2566
25,0,E41037,2566
25,0,E41038,2566
25,0,E41039,2566
25,0,E41040,2566
255,0,P42001,2566
255,0,E42001,2566
255,0,E42002,2566
255,0,E42003,2566
255,0,E42004,2566
255,0,E42005,2566
255,0,E42006,2566
255,0,E42007,2566
255,0,E42008,2566
255,0,E42009,2566
255,0,E42010,2566
255,0,E42011,2566
255,0,E42012,2566
255,0,E42013,2566
255,0,E42014,2566
255,0,E42015,2566
255,0,E42016,2566
255,0,E42017,2566
255,0,E42018,2566
255,0,E42019,2566
255,0,E42020,2566
255,0,E42021,2566
255,0,E42022,2566
255,0,E42023,2566
255,0,E42024,2566
255,0,E42025,2566
255,0,E42026,2566
255,0,E42027,2566
255,0,E42028,2566
255,0,E42029,2566
255,0,E42030,2566
255,0,E42031,2566
255,0,E42032,2566
255,0,E42033,2566
255,0,E42034,2566
255,0,E42035,2566
255,0,E42036,2566
255,0,E42037,2566
25,0,E42038,2566
25,0,E42039,2566
25,0,E42040,2566
25,0,E42041,2566
25,0,E42042,2566
255,0,P43001,2566
255,0,E43001,2566
255,0,E43002,2566
255,0,E43003,2566
255,0,E43004,2566
255,0,E43005,2566
255,0,E43006,2566
255,0,E43007,2566
255,0,E43008,2566
255,0,E43009,2566
255,0,E43010,2566
255,0,E43011,2566
255,0,E43012,2566
255,0,E43013,2566
255,0,E43014,2566
255,0,E43015,2566
255,0,E43016,2566
255,0,E43017,2566
255,0,E43018,2566
255,0,E43019,2566
255,0,E43020,2566
255,0,E43021,2566
255,0,E43022,2566
255,0,E43023,2566
255,0,E43024,2566
255,0,E43025,2566
255,0,E43026,2566
255,0,E43027,2566
255,0,E43028,2566
255,0,E43029,2566
255,0,E43030,2566
255,0,E43031,2566
255,0,E43032,2566
255,0,E43033,2566
255,0,E43034,2566
255,0,E43035,2566
255,0,E43036,2566
255,0,E43037,2566
25,0,E43038,2566
25,0,E43039,2566
25,0,E43040,2566
25,0,E43041,2566
25,0,E43042,2566
